k,seed,ari_vs_primary,nmi_vs_primary
2,0,0.15427858129052285,0.22076857401068944
2,1,1.0,1.0
2,2,0.994936689056685,0.9872282291805878
2,3,1.0,1.0
2,4,0.994936689056685,0.9872282291805878
2,5,0.1522762698853406,0.2190022181098726
2,6,1.0,1.0
2,7,0.1522762698853406,0.2190022181098726
2,8,0.994936689056685,0.9872282291805878
2,9,1.0,1.0
2,10,1.0,1.0
2,11,0.15427858129052285,0.22076857401068944
2,12,0.3806127623057512,0.3840276650180733
2,13,0.33209244297624535,0.34918840432712156
2,14,0.994936689056685,0.9872282291805878
2,15,0.15427858129052285,0.22076857401068944
2,16,0.994936689056685,0.9872282291805878
2,17,0.994936689056685,0.9872282291805878
2,18,0.3291631138979947,0.35159319383386733
2,19,0.994936689056685,0.9872282291805878
2,20,0.1522762698853406,0.2190022181098726
2,21,1.0,1.0
2,22,1.0,1.0
2,23,1.0,1.0
2,24,0.1522762698853406,0.2190022181098726
2,25,0.1522762698853406,0.2190022181098726
2,26,1.0,1.0
2,27,0.1522762698853406,0.2190022181098726
2,28,0.994936689056685,0.9872282291805878
2,29,0.15427858129052285,0.22076857401068944
2,30,0.1522762698853406,0.2190022181098726
2,31,0.994936689056685,0.9872282291805878
2,32,0.994936689056685,0.9872282291805878
2,33,0.994936689056685,0.9872282291805878
2,34,0.994936689056685,0.9872282291805878
2,35,0.33209244297624535,0.34918840432712156
2,36,1.0,1.0
2,37,1.0,1.0
2,38,0.994936689056685,0.9872282291805878
2,39,0.1522762698853406,0.2190022181098726
2,40,1.0,1.0
2,41,0.994936689056685,0.9872282291805878
2,42,1.0,1.0
2,43,0.1522762698853406,0.2190022181098726
2,44,1.0,1.0
2,45,0.994936689056685,0.9872282291805878
2,46,1.0,1.0
2,47,0.3147362039646607,0.3411492512898576
2,48,0.1522762698853406,0.2190022181098726
2,49,1.0,1.0
2,50,0.1522762698853406,0.2190022181098726
2,51,0.1522762698853406,0.2190022181098726
2,52,1.0,1.0
2,53,0.15427858129052285,0.22076857401068944
2,54,1.0,1.0
2,55,0.994936689056685,0.9872282291805878
2,56,0.994936689056685,0.9872282291805878
2,57,0.994936689056685,0.9872282291805878
2,58,0.994936689056685,0.9872282291805878
2,59,0.994936689056685,0.9872282291805878
2,60,1.0,1.0
2,61,1.0,1.0
2,62,0.994936689056685,0.9872282291805878
2,63,1.0,1.0
2,64,0.15427858129052285,0.22076857401068944
2,65,0.1522762698853406,0.2190022181098726
2,66,0.15427858129052285,0.22076857401068944
2,67,0.1522762698853406,0.2190022181098726
2,68,1.0,1.0
2,69,0.15427858129052285,0.22076857401068944
2,70,1.0,1.0
2,71,0.1522762698853406,0.2190022181098726
2,72,0.29231869031494634,0.3247885034036391
2,73,1.0,1.0
2,74,1.0,1.0
2,75,0.994936689056685,0.9872282291805878
2,76,0.15427858129052285,0.22076857401068944
2,77,1.0,1.0
2,78,1.0,1.0
2,79,0.994936689056685,0.9872282291805878
2,80,1.0,1.0
2,81,1.0,1.0
2,82,0.994936689056685,0.9872282291805878
2,83,1.0,1.0
2,84,0.1522762698853406,0.2190022181098726
2,85,0.994936689056685,0.9872282291805878
2,86,1.0,1.0
2,87,0.15427858129052285,0.22076857401068944
2,88,0.15427858129052285,0.22076857401068944
2,89,0.994936689056685,0.9872282291805878
2,90,0.1522762698853406,0.2190022181098726
2,91,0.994936689056685,0.9872282291805878
2,92,1.0,1.0
2,93,0.994936689056685,0.9872282291805878
2,94,0.15427858129052285,0.22076857401068944
2,95,0.15427858129052285,0.22076857401068944
2,96,0.33209244297624535,0.34918840432712156
2,97,0.994936689056685,0.9872282291805878
2,98,0.1522762698853406,0.2190022181098726
2,99,0.1522762698853406,0.2190022181098726
3,0,0.9776555182914337,0.9679818439539967
3,1,1.0,1.0
3,2,0.7887055373447774,0.7865593136758083
3,3,1.0,1.0
3,4,1.0,1.0
3,5,1.0,1.0
3,6,1.0,1.0
3,7,1.0,1.0
3,8,1.0,1.0
3,9,1.0,1.0
3,10,1.0,1.0
3,11,1.0,1.0
3,12,0.7887055373447774,0.7865593136758082
3,13,1.0,1.0
3,14,0.8001600451016186,0.8031636926819153
3,15,1.0,1.0
3,16,0.7891149706474636,0.7924434364659771
3,17,0.7887055373447774,0.7865593136758082
3,18,0.7891149706474636,0.7924434364659774
3,19,0.7951339762669551,0.7935814850142079
3,20,1.0,1.0
3,21,1.0,1.0
3,22,1.0,1.0
3,23,1.0,1.0
3,24,1.0,1.0
3,25,0.7891149706474636,0.7924434364659774
3,26,0.7887055373447774,0.7865593136758083
3,27,0.8001600451016186,0.8031636926819153
3,28,0.9791303762426153,0.9655289936031616
3,29,1.0,1.0
3,30,0.9776555182914337,0.9679818439539964
3,31,0.9776555182914337,0.9679818439539967
3,32,0.8001600451016186,0.8031636926819153
3,33,1.0,1.0
3,34,0.7887055373447774,0.7865593136758082
3,35,0.8036190947062685,0.8095646193468112
3,36,1.0,1.0
3,37,1.0,1.0
3,38,0.7891149706474636,0.7924434364659771
3,39,0.7924819865889547,0.7890360562249601
3,40,0.995502219265798,0.991611410186124
3,41,1.0,1.0
3,42,0.7887055373447774,0.7865593136758082
3,43,0.7891149706474636,0.7924434364659774
3,44,1.0,1.0
3,45,1.0,1.0
3,46,0.7887055373447774,0.7865593136758083
3,47,0.7887055373447774,0.7865593136758083
3,48,0.8001600451016186,0.8031636926819153
3,49,0.7887055373447774,0.7865593136758083
3,50,0.7891149706474636,0.7924434364659774
3,51,1.0,1.0
3,52,0.7887055373447774,0.7865593136758082
3,53,0.8004774600349934,0.8037228246429741
3,54,1.0,1.0
3,55,0.9820954468702409,0.9732852964659444
3,56,0.7887055373447774,0.7865593136758083
3,57,0.7887055373447774,0.7865593136758082
3,58,1.0,1.0
3,59,1.0,1.0
3,60,1.0,1.0
3,61,1.0,1.0
3,62,0.9776555182914337,0.9679818439539967
3,63,0.9820954468702409,0.9732852964659444
3,64,1.0,1.0
3,65,1.0,1.0
3,66,0.995502219265798,0.9916114101861238
3,67,1.0,1.0
3,68,0.7887055373447774,0.7865593136758083
3,69,1.0,1.0
3,70,0.7887055373447774,0.7865593136758082
3,71,0.8001600451016186,0.8031636926819153
3,72,0.9820954468702409,0.9732852964659444
3,73,1.0,1.0
3,74,0.7887055373447774,0.7865593136758083
3,75,0.9776555182914337,0.9679818439539967
3,76,1.0,1.0
3,77,1.0,1.0
3,78,1.0,1.0
3,79,0.8001600451016186,0.8031636926819153
3,80,1.0,1.0
3,81,0.7887055373447774,0.7865593136758082
3,82,0.9791303762426153,0.9655289936031616
3,83,0.995502219265798,0.991611410186124
3,84,0.7891149706474636,0.7924434364659774
3,85,0.8036190947062685,0.8095646193468112
3,86,0.7891149706474636,0.7924434364659771
3,87,0.8036190947062685,0.8095646193468112
3,88,0.7913505284096671,0.7911030796819585
3,89,0.7887055373447774,0.7865593136758082
3,90,1.0,1.0
3,91,0.7891149706474636,0.7924434364659771
3,92,0.9776555182914337,0.9679818439539967
3,93,0.9776555182914337,0.9679818439539967
3,94,1.0,1.0
3,95,0.7853373594163007,0.7899992735913517
3,96,0.7887055373447774,0.7865593136758082
3,97,0.9776555182914337,0.9679818439539967
3,98,1.0,1.0
3,99,0.7887055373447774,0.7865593136758082
4,0,0.9739290060857295,0.9681149863699039
4,1,0.9743657880022875,0.9670387526786153
4,2,0.9747923988599088,0.9659117811563174
4,3,0.9775583064203698,0.9715965872883496
4,4,0.9853425218716118,0.9792122692580651
4,5,0.9747923988599088,0.9659117811563174
4,6,0.9739290060857295,0.9681149863699039
4,7,0.9739290060857295,0.9681149863699039
4,8,0.9739290060857295,0.9681149863699037
4,9,0.9739290060857295,0.9681149863699039
4,10,0.9739290060857295,0.9681149863699039
4,11,0.9752521843260319,0.9673700378218502
4,12,0.9745232601836216,0.9658483621778493
4,13,0.9739290060857295,0.9681149863699039
4,14,0.9745232601836216,0.9658483621778493
4,15,0.9683029785032549,0.956824749253847
4,16,0.9683029785032549,0.9568247492538468
4,17,0.9900870714571671,0.9837999073424848
4,18,0.9713245247353863,0.9612866532619233
4,19,0.9683029785032549,0.956824749253847
4,20,0.9747923988599088,0.9659117811563174
4,21,0.9739290060857295,0.9681149863699039
4,22,0.9713245247353863,0.9612866532619233
4,23,0.9747923988599088,0.9659117811563174
4,24,0.9745232601836216,0.9658483621778493
4,25,0.9747923988599088,0.9659117811563176
4,26,0.9739290060857295,0.9681149863699039
4,27,0.9747923988599088,0.9659117811563174
4,28,0.9739290060857295,0.9681149863699039
4,29,0.9747923988599088,0.9659117811563174
4,30,0.9900870714571671,0.9837999073424848
4,31,0.9739290060857295,0.9681149863699039
4,32,0.9739290060857295,0.9681149863699037
4,33,0.9739290060857295,0.9681149863699037
4,34,0.9739290060857295,0.9681149863699037
4,35,0.9683029785032549,0.956824749253847
4,36,0.9900870714571671,0.9837999073424848
4,37,0.9713245247353863,0.9612866532619233
4,38,0.357610653315294,0.47561944398765976
4,39,0.9747923988599088,0.9659117811563174
4,40,0.9747923988599088,0.9659117811563174
4,41,0.9739290060857295,0.9681149863699037
4,42,0.9739290060857295,0.9681149863699037
4,43,0.9747923988599088,0.9659117811563176
4,44,0.9739290060857295,0.9681149863699039
4,45,0.9742909236042613,0.9682026428160929
4,46,0.9747923988599088,0.9659117811563176
4,47,0.9713245247353863,0.9612866532619233
4,48,0.9747923988599088,0.9659117811563174
4,49,0.9739290060857295,0.9681149863699039
4,50,0.9747923988599088,0.9659117811563174
4,51,0.9745232601836216,0.9658483621778493
4,52,0.9739290060857295,0.9681149863699037
4,53,1.0,1.0
4,54,0.9747923988599088,0.9659117811563176
4,55,0.9745232601836216,0.9658483621778493
4,56,0.9739290060857295,0.9681149863699037
4,57,0.9747923988599088,0.9659117811563174
4,58,0.9743657880022875,0.9670387526786152
4,59,0.9853425218716118,0.9792122692580651
4,60,0.3581076952837146,0.47529543431886856
4,61,0.9739290060857295,0.9681149863699039
4,62,1.0,1.0
4,63,0.9713245247353863,0.9612866532619233
4,64,0.9664507598155105,0.95879373496039
4,65,0.9747923988599088,0.9659117811563174
4,66,0.9747923988599088,0.9659117811563176
4,67,0.977956502284819,0.9716692619777434
4,68,0.9739290060857295,0.9681149863699039
4,69,0.9850465437718613,0.9812226584100503
4,70,0.9739290060857295,0.9681149863699039
4,71,0.9747923988599088,0.9659117811563176
4,72,0.9713245247353863,0.9612866532619233
4,73,0.9745232601836216,0.9658483621778493
4,74,0.9938344988830727,0.9897840450248994
4,75,0.9739290060857295,0.9681149863699037
4,76,0.9745232601836216,0.9658483621778493
4,77,1.0,1.0
4,78,0.9739290060857295,0.9681149863699039
4,79,0.9713245247353863,0.9612866532619233
4,80,0.9745232601836216,0.9658483621778493
4,81,0.9747923988599088,0.9659117811563174
4,82,0.9713245247353863,0.9612866532619233
4,83,0.9713245247353863,0.9612866532619233
4,84,0.9739290060857295,0.9681149863699037
4,85,0.977956502284819,0.9716692619777434
4,86,0.9713245247353863,0.9612866532619233
4,87,0.9664507598155105,0.9587937349603901
4,88,0.9747923988599088,0.9659117811563176
4,89,0.9743657880022875,0.9670387526786149
4,90,0.9900870714571671,0.9837999073424848
4,91,0.9739290060857295,0.9681149863699037
4,92,0.9900870714571671,0.9837999073424848
4,93,0.9739290060857295,0.9681149863699037
4,94,0.9747923988599088,0.9659117811563174
4,95,0.9713245247353863,0.9612866532619233
4,96,0.9683029785032549,0.956824749253847
4,97,0.9747923988599088,0.9659117811563174
4,98,0.9748369032767725,0.9658941490275263
4,99,0.9713245247353863,0.9612866532619233
5,0,0.550768055304297,0.6405285075099569
5,1,0.8116942050930174,0.8186535108650118
5,2,0.728592326316989,0.7672473284315252
5,3,0.7561032208073261,0.7897771278703752
5,4,0.7561032208073261,0.7897771278703754
5,5,0.6238007729236495,0.685639623534204
5,6,0.5665550918436533,0.6504881811778416
5,7,0.5790357118260835,0.676437907426136
5,8,0.7125831974954826,0.7443155208107078
5,9,0.6927337916508426,0.7230762633768731
5,10,0.6238007729236495,0.6856396235342042
5,11,0.5633005365484127,0.6659739472066473
5,12,0.6328407159174959,0.6811837902758558
5,13,0.8645883499897521,0.8608598089891111
5,14,0.5612983204013557,0.6649167914096868
5,15,0.6158291405254365,0.6739058289016199
5,16,0.6704070654889406,0.7134338840416159
5,17,0.4281676806322674,0.5369166788590585
5,18,0.6620724871486445,0.7073766901911225
5,19,0.6238535689619347,0.685532482430794
5,20,0.46872463673693465,0.5780580228779792
5,21,0.4620450929025511,0.5563184582663586
5,22,0.6359316031907885,0.6891573135215362
5,23,0.4515821964595562,0.5739673350798769
5,24,0.49718773268217653,0.6171879685489859
5,25,0.5633005365484127,0.6659739472066473
5,26,0.6676864814333534,0.7116849203391067
5,27,0.5633005365484127,0.6659739472066473
5,28,0.6221094808560466,0.6805780211302943
5,29,0.5113781685260677,0.5910287250128031
5,30,0.6249398424478146,0.6863305573669444
5,31,0.6361673202066668,0.6927838945991288
5,32,0.7038321513633082,0.7556896686772092
5,33,0.517425289275158,0.6218449561697506
5,34,0.46128006194900684,0.5551161812713283
5,35,0.5539206008006671,0.6454423064713111
5,36,0.5489408479162899,0.6266924193487098
5,37,0.4508568345745414,0.560928021174973
5,38,0.7543560401512249,0.7914614708960018
5,39,0.6358755332873409,0.6925215937824233
5,40,0.4423432524117039,0.5719538662937996
5,41,0.5355538950716235,0.6470310914934572
5,42,0.6981361683115278,0.736297978972637
5,43,0.6114710791607021,0.668295005950455
5,44,0.4782856772540326,0.5826055757036177
5,45,0.6404639488618677,0.7213516235699485
5,46,0.6489075459933229,0.6931470171944283
5,47,0.5864681463377287,0.6828033041550906
5,48,0.749880151478089,0.7866354337511618
5,49,0.550768055304297,0.6405285075099569
5,50,0.638252859711176,0.6952820644930321
5,51,0.44212822549434827,0.5546235628137525
5,52,0.46151999997630794,0.5515355142984417
5,53,0.7518052633770779,0.767286893254686
5,54,0.5626677771379851,0.6462991269760191
5,55,0.6238007729236495,0.685639623534204
5,56,0.44009960248204766,0.5494495766962544
5,57,0.749880151478089,0.786635433751162
5,58,0.7702731259223828,0.7983868711430299
5,59,0.7050789449410539,0.746863381136306
5,60,0.7522159791158056,0.788520524220578
5,61,0.49177870963892933,0.6118811987847331
5,62,0.8826406396688207,0.87978994275249
5,63,0.7312439028025752,0.7696604391850559
5,64,0.442807453140702,0.5653003473073449
5,65,0.6252085155511921,0.68592832990953
5,66,0.8886150854811912,0.8882503618661264
5,67,0.6947372911661799,0.7371662351952141
5,68,0.489444302058901,0.6117745298671277
5,69,0.489444302058901,0.6117745298671277
5,70,0.5790357118260835,0.676437907426136
5,71,0.6428769126229652,0.691522771306805
5,72,0.6383321448145174,0.6952973805145051
5,73,0.6683205453679164,0.7144495680086226
5,74,0.6852876434428387,0.7235271935733978
5,75,0.5633005365484127,0.6659739472066474
5,76,0.5749392397344444,0.6557430973722362
5,77,0.6760642865143766,0.7173909469576657
5,78,0.6238007729236495,0.685639623534204
5,79,0.489444302058901,0.6117745298671277
5,80,0.6391052238787645,0.6872192265858296
5,81,0.9256133028678188,0.9098253490359945
5,82,0.6249398424478146,0.6863305573669443
5,83,0.6170206202195456,0.6754802292539088
5,84,0.8855055391740112,0.8834666876503688
5,85,0.7050789449410539,0.746863381136306
5,86,0.6158291405254365,0.67390582890162
5,87,0.9641986321569085,0.954994402054046
5,88,0.5143774595305757,0.5877606306587556
5,89,0.6249398424478146,0.6863305573669443
5,90,0.6704070654889406,0.7134338840416159
5,91,0.941386713070691,0.9286291995031903
5,92,0.7228527749412664,0.762563496543292
5,93,0.804482418712636,0.8246450470881724
5,94,0.4515821964595562,0.5739673350798769
5,95,0.6361673202066668,0.6927838945991288
5,96,0.7272235958828995,0.774749169790198
5,97,0.49333012647628177,0.6126487228212119
5,98,0.45504580159384794,0.5748794081991563
5,99,0.9390650134046867,0.923361232710836
6,0,0.45547563151903475,0.5853388263004567
6,1,0.8035430985654132,0.8339130412338364
6,2,0.6672039825089143,0.7254092672579069
6,3,0.4905819346309477,0.6157598813132628
6,4,0.4603178320796536,0.5651909431152986
6,5,0.8519286552502568,0.8471746036766078
6,6,0.8768953340338587,0.8657245923694729
6,7,0.74058404467264,0.7641917821421198
6,8,0.8926217352354014,0.8962851020036122
6,9,0.4828521516555649,0.6257198921048002
6,10,0.897984094931191,0.9026353171647179
6,11,0.5028795210053876,0.6257992590772616
6,12,0.5313020433431853,0.6357982870963582
6,13,0.4964068871935558,0.6187865315740231
6,14,0.5483291152238691,0.6380579811707406
6,15,0.8768953340338587,0.8657245923694727
6,16,0.5180857389703732,0.636665532467125
6,17,0.8774925870338731,0.8869062059491696
6,18,0.5084931305715735,0.6291825985292461
6,19,0.9927575164162129,0.9911026369375338
6,20,0.5998688451075248,0.6571608615417904
6,21,0.4753609661776792,0.5755418956277857
6,22,0.49210205234661963,0.6152367350868262
6,23,0.6889453810418276,0.7380579347951213
6,24,0.45702167029693813,0.5838954502847149
6,25,0.5813108938917672,0.6669170210932068
6,26,0.5638836495169245,0.6811168239131381
6,27,0.6413958400114101,0.7150611052281162
6,28,0.8548529009992265,0.8496903627436848
6,29,0.8730622528124033,0.8651296857361761
6,30,0.5448000455043218,0.6485954893357625
6,31,0.544718923820439,0.6499718906909274
6,32,0.6211876113812099,0.6858751762415715
6,33,0.6230529494943216,0.683171103420522
6,34,0.897984094931191,0.9026353171647179
6,35,0.5313020433431853,0.6357982870963582
6,36,0.636043308211042,0.6976603300655896
6,37,0.638335715965815,0.7044992787068317
6,38,0.4562241506491103,0.5642688611403379
6,39,0.8926217352354014,0.8962851020036124
6,40,0.6629346591874288,0.7256641368051496
6,41,0.5528404088869663,0.6428146840020539
6,42,0.5150886957607828,0.6342528645049862
6,43,0.8548529009992265,0.8496903627436848
6,44,0.9925616530731121,0.9910523361382237
6,45,0.6219854860567633,0.7055022697599745
6,46,0.5167282460383529,0.6361780281050615
6,47,0.49321740712719025,0.6130578758786447
6,48,0.5793255754874819,0.6763637176033793
6,49,0.5995566878191451,0.6886119653520876
6,50,0.5039781184223814,0.625458557651673
6,51,0.7852246755173364,0.8175642487375582
6,52,0.897984094931191,0.9026353171647179
6,53,0.6219854860567633,0.7055022697599747
6,54,0.8929471739100164,0.8973922509820222
6,55,0.8768953340338587,0.8657245923694729
6,56,0.6065260844448322,0.6611543931053191
6,57,0.5077907722380194,0.6279427688421606
6,58,0.5720315440182415,0.6351654264614295
6,59,0.4403913243235897,0.552867731784174
6,60,0.897984094931191,0.9026353171647179
6,61,0.5547721396268644,0.6416629273590754
6,62,0.45001505166031264,0.5643778445370446
6,63,0.5327427763875787,0.6557832261533035
6,64,0.5541391285932328,0.6179745437036306
6,65,0.5090431044207068,0.6234451517024848
6,66,0.5045111104991665,0.6192889373031726
6,67,0.5698309686373686,0.6752660923044785
6,68,0.5705983779190061,0.6413542409437086
6,69,0.989540488705871,0.9867699814009606
6,70,0.702542669634615,0.7591901555426924
6,71,0.5324531251953031,0.6582419087957859
6,72,0.5041574687971587,0.6260936326039617
6,73,0.6453800148907314,0.7155827054637032
6,74,0.525460088307064,0.6419467697250028
6,75,0.7563094830771581,0.7922419685464179
6,76,0.5000009441398614,0.6037853315487852
6,77,0.57655376810199,0.6478291991990721
6,78,0.9089421381648451,0.9068457852230084
6,79,0.5854527320775275,0.6598547369012534
6,80,0.5762763897104698,0.6534239755946329
6,81,0.9092740012658327,0.9164617091151975
6,82,0.5004007387573558,0.6144603714358013
6,83,0.5553483976314935,0.6624935307688714
6,84,0.4433069738694084,0.5501813378055714
6,85,0.5434685888959605,0.6451451559535101
6,86,0.8756594727546914,0.867007378966463
6,87,0.46774841623648084,0.5937063068210747
6,88,0.9027640695093699,0.8879158710804308
6,89,0.8813125266514747,0.8765026813828277
6,90,0.5879161283947285,0.6902094014500006
6,91,0.4403939515495809,0.5582245901443053
6,92,0.6294488912604098,0.6937217921324645
6,93,0.9925616530731121,0.9910523361382239
6,94,0.449481030835044,0.5609197509384053
6,95,0.6635411098744134,0.7232316714077547
6,96,0.5158945292105731,0.635188799389571
6,97,0.8722261095170695,0.8626786796482953
6,98,0.8774925870338731,0.8869062059491696
6,99,0.49867480153941807,0.6210738291790336
